[
	{
		"name":"申方剑",
		"content":"观众朋友们，球迷朋友们！大家晚上好，欢迎收看风云足球频道，现在我们为您带来的是一场宇宙足球甲级联赛的直播，是由拜仁慕尼黑迎战巴塞罗那的比赛！ "
	},
	{
		"name":"韩乔生",
		"content":"随着守门员的一声哨响，比赛开始了！ "
	},
	{
		"name":"张路",
		"content":"嘿嘿 "
	},
	{
		"name":"宫磊",
		"content":"如果这场比赛巴萨能获胜，那么他们将在客场全取三分，然后带着优势回到自己的主场伯纳乌！ "
	},
	{
		"name":"段暄",
		"content":"巴萨逼太紧，拜仁插不进去。 "
	},
	{
		"name":"刘建宏",
		"content":"看这球！比利亚打门！球打在门柱上！再打！球又打在门柱上！再补！球进啦！进啦进啦进啦！ "
	},
	{
		"name":"陶伟",
		"content":"哎哟，你看，这又是巴德斯图贝尔啊！ "
	},
	{
		"name":"刘嘉远",
		"content":"拜仁这下可麻烦啦！！！！！！！！ "
	},
	{
		"name":"邵圣懿",
		"content":"拜仁这么打下去可不是办法啊！ "
	},
	{
		"name":"张路",
		"content":"嘿嘿！ "
	},
	{
		"name":"黄子忠",
		"content":"拜仁打多特猛德都费劲，更何况兵强马壮的巴塞罗那！ "
	},
	{
		"name":"贺炜",
		"content":"你的对手强大并不一定意味着恐惧，人最感到恐惧的是对未知的恐惧。 "
	},
	{
		"name":"陶伟",
		"content":"我还是支持拜仁慕尼黑！ "
	},
	{
		"name":"申方剑",
		"content":"哎哟！！！这个动作要吃牌啊！布茨克斯这直接奔人去了，这一下下去戈麦斯得死掉多少脑细胞啊！ "
	},
	{
		"name":"徐阳",
		"content":"布茨克斯是个老实孩子"
	},
	{
		"name":"陶伟",
		"content":"这球布茨克斯主要还是太想发力！lian续对隔麦斯犯规啊！ "
	},
	{
		"name":"张路",
		"content":"嘿嘿！ "
	},
	{
		"name":"刘建宏",
		"content":"看这球！进去了！危险！罗本！罗本！还在带，还在带！哦不，这是里贝里！ "
	},
	{
		"name":"段暄",
		"content":"啊~~~~啊~~~~啊~~~~~~里贝里~~~~啊~~~~打门！！！！啊！！哈哈哈哈哈哈！！！！！！！！！！！！ "
	},
	{
		"name":"刘嘉远",
		"content":"这球进去了！ "
	},
	{
		"name":"申方剑",
		"content":"哎哟！拜仁慕尼黑不容易啊~！ "
	},
	{
		"name":"贺炜",
		"content":"好球啊！里贝里这下过人之后的打门难度很大啊，因为很难！ "
	},
	{
		"name":"徐阳",
		"content":"这球里贝里突破的时候，好像推倒了布茨克斯啊！布茨克斯是个老实孩子！ "
	},
	{
		"name":"陶伟",
		"content":"什么是球星，这就是球星！ "
	},
	{
		"name":"张路",
		"content":"嘿嘿！ "
	},
	{
		"name":"韩乔生",
		"content":"随着主教练的一声哨响，上半场比赛结束了，国际米兰和皇家马德里为我们奉献了一场高质量的上半场比赛！不过主裁判也有几个误判，双方守门员多次在禁区内手球，而且还走步，如果主裁判能提高执法水平，这场比赛将更加完美！下面是广告时间，马上走开，不要回来！  "
	},
	{
		"name":"申方剑老师",
		"content":"主要解说德甲，语言很风趣幽默：放几个语录 诺伊尔的睫毛真长啊； "
	},
	{
		"name":"申方剑",
		"content":"不知道我这么说大家听明白了吗 "
	},
	{
		"name":"徐阳",
		"content":"反正我是没大听明白； 戈麦斯两条大长腿摆啊摆 有个游戏叫“英雄萨姆”，希望萨姆也可以英勇一点！"
	}
]
