[
	{
		"title":"冰点特稿乡村匠人",
		"time":"04:21"
	},
	{
		"title":"专家：年内还有较大连续降准空间","time":"01:00"
	},
	{
		"title":"起底【流氓软件】暴利链：恶意安装难卸载","time":"04:21"
	},
	{
		"title":"冰点特稿乡村匠人","time":"04:21"
	},
	{
		"title":"专家：年内还有较大连续降准空间","time":"01:00"
	},
	{
		"title":"起底【流氓软件】暴利链：恶意安装难卸载","time":"04:21"
	},
	{
		"title":"冰点特稿乡村匠人","time":"04:21"
	},
	{
		"title":"专家：年内还有较大连续降准空间","time":"01:00"
	},
	{
		"title":"起底【流氓软件】暴利链：恶意安装难卸载","time":"04:21"
	},
	{
		"title":"冰点特稿乡村匠人","time":"04:21"
	},
	{
		"title":"专家：年内还有较大连续降准空间","time":"01:00"
	},
	{
		"title":"起底【流氓软件】暴利链：恶意安装难卸载","time":"04:21"
	},
	{
		"title":"冰点特稿乡村匠人","time":"04:21"
	},
	{
		"title":"专家：年内还有较大连续降准空间","time":"01:00"
	},
	{
		"title":"起底【流氓软件】暴利链：恶意安装难卸载","time":"04:21"}
]